"Plan","Name","Status"
"PSPP","Division 123 – March 2014","Started"
"PSPP","Division 123 – February 2014","Started"
"PSPP","Division 123 – January 2014","Started"
"PSPP","Division 123 – December 2013","Started"
"PSPP","Division 123 – November 2013","Started"
"PSPP","Division 123 – September 2013","Started"
"PSPP","Division 123 – August 2013","Started"
"PSPP","Division 123 – July 2013","Not Started"
"PSPP","Division 123 – June 2013","Not Started"
"PSPP","Division 123 – May 2013","Not Started"
